,City,Country,Date,Latitude,Longitude,Cloudiness,Humidity,Max Temp,Wind Speed
0,Port Hardy,CA,1570399836,50.7,-127.42,90,93,50.0,8.05
1,Marsabit,KE,1570399871,2.34,37.99,57,47,83.54,13.0
2,Chapais,CA,1570399634,49.78,-74.86,90,93,48.2,17.22
3,Kapaa,US,1570399596,22.08,-159.32,1,69,82.4,9.17
4,Srednekolymsk,RU,1570399873,67.46,153.71,0,87,11.51,5.84
5,Sao Joao da Barra,BR,1570399849,-21.64,-41.05,40,83,75.2,18.34
6,Estelle,FR,1570399877,43.97,3.47,0,52,66.0,25.28
7,Rikitea,PF,1570399738,-23.12,-134.97,100,88,73.41,8.68
8,Tshikapa,CD,1570399880,-6.42,20.79,37,81,72.78,1.95
9,Jamestown,AU,1570399845,-33.21,138.6,100,92,52.87,6.67
10,Bathsheba,BB,1570399883,13.22,-59.52,75,70,86.0,16.11
11,Saint-Pierre,FR,1570399885,48.95,4.24,65,87,54.0,13.87
12,Barrow,AR,1570399765,-38.31,-60.23,100,45,67.02,13.6
13,Teya,MX,1570399887,21.05,-89.07,75,66,89.01,5.82
14,Port Elizabeth,US,1570399889,39.31,-74.98,90,68,73.4,8.05
15,Oranjestad,AW,1570399846,12.52,-70.03,20,66,87.8,20.8
16,Clyde River,CA,1570399892,70.47,-68.59,40,74,28.4,6.93
17,Ushuaia,AR,1570399893,-54.81,-68.31,100,94,33.67,8.46
18,Kalundborg,DK,1570399894,55.68,11.1,0,74,41.0,4.7
19,Mataura,NZ,1570399896,-46.19,168.86,84,82,51.01,4.0
20,Ixtapa,MX,1570399897,20.71,-105.21,75,75,89.6,9.17
21,East London,ZA,1570399898,-33.02,27.91,100,91,61.1,4.29
22,Tutoia,BR,1570399900,-2.76,-42.27,42,75,78.47,9.08
23,Yellowknife,CA,1570399706,62.45,-114.38,75,87,44.6,12.75
24,Avarua,CK,1570399902,-21.21,-159.78,100,53,71.6,8.05
25,Juanjui,PE,1570399904,-7.18,-76.73,76,48,84.57,3.65
26,Palana,RU,1570399905,59.08,159.95,100,96,34.73,48.14
27,Butaritari,KI,1570399766,3.07,172.79,10,66,84.64,4.94
28,Cape Town,ZA,1570399834,-33.93,18.42,75,82,62.01,6.93
29,New Norfolk,AU,1570399612,-42.78,147.06,40,58,54.0,8.05
30,Tasiilaq,GL,1570399783,65.61,-37.64,100,87,42.8,7.16
31,Kodiak,US,1570399630,39.95,-94.76,1,37,66.2,9.17
32,Nanortalik,GL,1570399914,60.14,-45.24,0,81,39.77,1.86
33,Ribeira Grande,PT,1570399915,38.52,-28.7,98,89,72.13,19.82
34,Busselton,AU,1570399917,-33.64,115.35,0,72,50.0,10.98
35,Concordia,AR,1570399918,-31.4,-58.02,0,44,68.0,7.0
36,Cayenne,GF,1570399920,4.94,-52.33,0,88,80.6,6.8
37,Angoche,MZ,1570399921,-16.23,39.91,19,84,73.55,3.74
38,Kavieng,PG,1570399922,-2.57,150.8,73,72,83.18,7.2
39,Ancud,CL,1570399861,-41.87,-73.83,75,62,53.6,13.87
40,Goderich,CA,1570399867,43.74,-81.71,0,67,62.01,10.0
41,Dawlatabad,AF,1570399926,36.41,64.91,33,65,52.04,3.18
42,Cabo San Lucas,MX,1570399657,22.89,-109.91,5,49,91.0,4.7
43,Ponta do Sol,BR,1570399929,-20.63,-46.0,69,50,76.6,3.96
44,Burnie,AU,1570399930,-41.05,145.91,20,76,44.38,6.42
45,Ketchikan,US,1570399932,55.34,-131.65,90,93,53.6,24.16
46,Punta Arenas,CL,1570399933,-53.16,-70.91,0,61,46.4,27.51
47,Trairi,BR,1570399935,-3.28,-39.27,19,72,76.78,6.58
48,Hofn,IS,1570399936,64.25,-15.21,100,99,38.38,4.76
49,Hobart,AU,1570399665,-42.88,147.33,40,58,54.0,8.05
50,Constitucion,MX,1570399939,23.99,-104.67,40,24,78.8,6.93
51,Provideniya,RU,1570399940,64.42,-173.23,0,74,35.6,4.47
52,Zeya,RU,1570399942,53.74,127.27,100,98,33.09,3.69
53,La Ronge,CA,1570399943,55.1,-105.3,75,46,53.6,17.22
54,Port Alfred,ZA,1570399855,-33.59,26.89,90,90,64.0,2.86
55,Nikolskoye,RU,1570399946,59.7,30.79,90,92,35.6,4.47
56,Santa Fe,AR,1570399909,-31.62,-60.7,0,39,70.0,8.01
57,Kongolo,CD,1570399948,-5.39,27.0,7,71,75.1,3.24
58,Georgetown,GY,1570399815,6.8,-58.16,20,79,84.2,6.93
59,Havre-Saint-Pierre,CA,1570399951,50.23,-63.6,75,81,44.6,3.36
60,Thompson,CA,1570399952,55.74,-97.86,90,87,44.6,10.29
61,Aswan,EG,1570399954,24.09,32.9,0,13,89.6,9.17
62,Cabedelo,BR,1570399955,-6.97,-34.84,20,78,77.0,8.05
63,Bethel,US,1570399956,60.79,-161.76,75,70,44.6,11.41
64,Esperance,AU,1570399826,-33.86,121.89,75,100,46.4,6.93
65,Saint-Philippe,CA,1570399959,45.36,-73.48,90,72,60.01,14.99
66,San Patricio,PY,1570399960,-26.98,-56.83,49,71,71.36,5.39
67,Longyearbyen,NO,1570399728,78.22,15.63,75,86,30.2,5.82
68,Airai,TL,1570399748,-8.93,125.41,0,63,68.68,3.11
69,Mar del Plata,AR,1570399841,-46.43,-67.52,100,39,57.35,26.15
70,Port Macquarie,AU,1570399918,-31.43,152.91,0,100,73.0,3.24
71,Vaini,IN,1570399967,15.34,74.49,32,94,73.5,1.72
72,Changji,CN,1570399741,32.07,116.17,97,84,55.43,6.78
73,Mahebourg,MU,1570399683,-20.41,57.7,20,78,73.99,12.75
74,Santa Isabel do Rio Negro,BR,1570399971,-0.41,-65.02,88,55,90.58,1.39
75,Bredasdorp,ZA,1570399973,-34.53,20.04,100,87,59.0,2.64
76,Arraial do Cabo,BR,1570399921,-22.97,-42.02,0,83,75.2,6.93
77,Victoria,BN,1570399754,5.28,115.24,75,88,78.8,5.46
78,Sorland,NO,1570399977,67.67,12.69,100,76,45.8,13.65
79,Tessalit,ML,1570399978,20.2,1.01,96,18,93.43,4.76
80,Neuquen,AR,1570399980,-38.95,-68.06,75,18,73.4,21.92
81,Victoria,BN,1570399981,5.28,115.24,75,88,78.8,5.46
82,Lebu,ET,1570399835,8.96,38.73,75,77,59.0,4.7
83,Naze,NG,1570399984,5.43,7.07,75,100,73.4,3.36
84,Coihaique,CL,1570399985,-45.58,-72.07,75,61,50.0,6.93
85,Isiro,CD,1570399986,2.77,27.62,100,97,68.82,2.75
86,Abomey-Calavi,BJ,1570399988,6.45,2.35,40,88,80.6,12.75
87,Tromso,NO,1570399858,69.65,18.96,75,86,41.0,29.97
88,Bowen,AU,1570399990,-20.01,148.25,40,100,75.99,2.24
89,Upernavik,GL,1570399930,72.79,-56.15,87,72,31.54,7.47
90,Iralaya,HN,1570399993,15.0,-83.23,58,61,88.6,6.71
91,Torbay,CA,1570399994,47.66,-52.73,20,70,46.0,6.93
92,Ossora,RU,1570399996,59.24,163.07,100,99,38.9,10.56
93,Gairatganj,IN,1570399997,23.42,78.24,38,83,72.53,1.01
94,Atuona,PF,1570399885,-9.8,-139.03,52,73,79.44,17.0
95,Hasaki,JP,1570400000,35.73,140.83,75,88,64.4,9.17
96,Shimoda,JP,1570400001,34.7,138.93,46,79,69.01,1.99
97,Carnarvon,ZA,1570400003,-30.97,22.13,0,15,61.39,5.03
98,Dongsheng,CN,1570400004,29.72,112.52,100,77,56.71,10.56
99,Touros,BR,1570400005,-5.2,-35.46,20,78,77.0,11.41
100,Hermanus,ZA,1570400007,-34.42,19.24,98,91,60.01,2.71
101,Partizanskoye,RU,1570400008,53.35,78.35,0,61,54.69,1.97
102,Saskylakh,RU,1570400010,71.97,114.09,85,97,18.71,0.45
103,Westport,US,1570400011,41.14,-73.36,90,77,70.0,13.87
104,Iqaluit,CA,1570399751,63.75,-68.52,75,86,37.4,10.29
105,Broken Hill,AU,1570400013,-31.97,141.45,28,67,57.2,8.05
106,Geraldton,CA,1570400015,49.72,-86.95,90,71,50.0,11.41
107,Pevek,RU,1570399939,69.7,170.27,97,80,26.95,4.45
108,Porbandar,IN,1570400018,21.64,69.61,0,75,82.27,10.11
109,Nikitinskiy,RU,1570400019,45.0,37.87,20,81,51.8,2.24
110,Orlik,PL,1570400020,53.95,17.74,0,93,37.99,3.36
111,Sur,OM,1570400022,22.57,59.53,0,67,81.42,12.19
112,Qaanaaq,GL,1570399863,77.48,-69.36,67,79,16.55,15.17
113,Albany,US,1570399938,42.65,-73.75,90,82,64.4,11.41
114,Arawa,ID,1570400026,-3.93,119.75,52,77,79.73,18.79
115,Buraydah,SA,1570400027,26.33,43.97,40,42,86.0,4.7
116,Cherskiy,RU,1570399895,68.75,161.3,0,84,15.16,5.93
117,Puerto Ayora,EC,1570400030,-0.74,-90.35,20,64,75.2,24.16
118,Nizhniy Ingash,RU,1570400032,56.2,96.53,93,95,36.2,5.7
119,Hilo,US,1570400033,19.71,-155.08,1,48,86.0,6.93
120,Ginda,IN,1570400035,30.69,78.49,100,82,52.24,3.27
121,Assiniboia,CA,1570400036,49.63,-105.99,0,39,56.26,21.85
122,Laela,TZ,1570399862,-8.57,32.05,31,60,68.08,5.97
123,Fare,PF,1570400039,-16.7,-151.02,100,84,76.76,19.39
124,Talas,KG,1570400040,42.52,72.24,100,44,52.21,1.5
125,Abonnema,NG,1570400041,4.71,6.79,75,100,73.4,3.36
126,Matadi,CD,1570400043,-5.83,13.46,100,78,77.73,6.29
127,Sayyan,YE,1570400044,15.17,44.32,82,63,70.19,2.59
128,Wenling,CN,1570400046,28.38,121.38,0,68,73.99,0.98
129,Bambous Virieux,MU,1570400047,-20.34,57.76,20,78,73.99,12.75
130,Chuy,UY,1570400048,-33.69,-53.46,0,77,56.83,7.83
131,Avera,US,1570399905,33.19,-82.53,20,45,86.0,10.29
132,Kununurra,AU,1570400051,-15.77,128.74,0,78,73.4,5.3
133,Izumo,JP,1570400052,35.37,132.75,75,82,62.6,11.41
134,Cardston,CA,1570400054,49.2,-113.32,1,37,57.2,33.33
135,Alugan,PH,1570400055,12.22,125.48,9,94,74.8,2.24
136,San Jose,HN,1570400057,14.25,-87.96,100,83,76.79,2.86
137,Comodoro Rivadavia,AR,1570400059,-45.87,-67.48,40,44,60.8,23.04
138,Severo-Kurilsk,RU,1570399915,50.68,156.12,0,77,44.86,22.64
139,Mahibadhoo,MV,1570400061,3.78,72.97,100,71,82.57,10.16
140,Tebingtinggi,ID,1570400062,3.33,99.16,99,92,73.97,2.37
141,Priladozhskiy,RU,1570400064,59.85,31.48,90,89,35.6,4.47
142,Batesville,US,1570399822,35.77,-91.64,90,69,84.2,10.29
143,Tiksi,RU,1570399902,71.64,128.87,94,94,21.08,4.14
144,Pozoblanco,ES,1570400068,38.38,-4.85,28,48,66.2,1.12
145,Milton Keynes,GB,1570400069,52.04,-0.76,90,93,57.2,11.41
146,Kaoma,ZM,1570400070,-14.8,24.8,100,30,79.71,5.46
147,Ambilobe,MG,1570400072,-13.19,49.05,0,65,76.25,12.03
148,Norman Wells,CA,1570400073,65.28,-126.83,20,55,39.2,11.41
149,Wamba,CD,1570400075,2.14,27.99,100,98,67.15,2.71
150,Uyuni,BO,1570400076,-20.46,-66.82,0,4,52.3,11.03
151,Les Cayes,HT,1570400077,18.19,-73.75,89,80,83.24,14.36
152,Kalmunai,LK,1570400079,7.42,81.82,100,89,75.21,1.97
153,Kaitangata,NZ,1570400080,-46.28,169.85,86,66,51.01,3.0
154,Santiago,PH,1570400082,16.69,121.54,32,97,69.13,0.13
155,Ostashkov,RU,1570400083,57.14,33.12,98,89,30.68,4.85
156,Teknaf,BD,1570400084,20.86,92.31,85,78,80.74,4.63
157,Buala,SB,1570400086,-8.15,159.59,94,79,80.93,5.59
158,Micheweni,TZ,1570400087,-4.97,39.83,2,79,78.14,8.37
159,Khatanga,RU,1570400089,71.98,102.47,3,95,19.93,7.94
160,Hithadhoo,MV,1570400090,-0.6,73.08,100,81,81.31,12.84
161,Bani Walid,LY,1570400091,31.76,14.0,6,46,62.3,0.4
162,Hun,BE,1570400093,50.34,4.87,75,93,53.01,4.7
163,Hrinova,SK,1570400094,48.58,19.53,40,88,35.6,1.12
164,Harper,US,1570400096,30.3,-99.24,1,30,95.0,4.52
165,Leningradskiy,RU,1570400097,69.38,178.42,57,76,25.01,8.97
166,Kavaratti,IN,1570400098,10.57,72.64,71,72,82.39,4.21
167,Castro,CL,1570400100,-42.48,-73.76,75,62,53.6,13.87
168,Bluff,AU,1570400101,-23.58,149.07,0,53,68.48,5.84
169,Stadtallendorf,DE,1570400103,50.83,9.02,75,87,46.99,3.36
170,Merauke,ID,1570400104,-8.49,140.4,68,83,79.06,19.3
171,Ibotirama,BR,1570400106,-12.18,-43.22,44,28,89.54,2.24
172,Lasa,CY,1570400107,34.92,32.53,20,73,73.4,4.7
173,Vilhena,BR,1570400063,-12.74,-60.15,100,84,74.11,7.29
174,Hay River,CA,1570399926,60.82,-115.79,75,76,48.2,10.29
175,Margate,AU,1570400112,-43.03,147.26,40,58,54.0,8.05
176,Yelniki,RU,1570400113,54.62,43.88,99,92,49.97,9.35
177,Davidson,CA,1570400114,51.26,-105.98,17,41,59.0,8.01
178,Talakan,RU,1570400116,50.29,130.28,100,64,43.98,7.87
179,Richards Bay,ZA,1570400117,-28.77,32.06,0,81,71.95,23.09
180,Kruisfontein,ZA,1570400118,-34.0,24.73,80,78,57.93,0.85
181,Aklavik,CA,1570400120,68.22,-135.01,75,59,35.6,10.29
182,Celestun,MX,1570400121,20.87,-90.4,33,71,83.6,8.7
183,Pierre,US,1570400122,44.37,-100.35,1,27,66.0,18.34
184,Itarema,BR,1570400124,-2.92,-39.92,0,70,78.4,13.2
185,Zhangye,CN,1570400125,38.94,100.46,94,72,45.2,1.14
186,Sinop,TR,1570400127,42.03,35.15,91,72,60.11,10.4
187,Kamenka,MD,1570400128,48.03,28.7,88,79,39.0,6.85
188,Beira,ES,1570400129,43.2,-8.36,0,100,61.0,4.7
189,Camargo,MX,1570400131,27.69,-105.17,12,40,84.05,3.49
190,Diu,IN,1570400132,20.71,70.98,0,86,75.23,7.81
191,Fortuna,US,1570399990,40.6,-124.16,1,49,82.99,13.87
192,Almaty,KZ,1570400135,43.24,76.95,20,81,50.0,6.71
193,Jumla,NP,1570400136,29.28,82.18,2,88,44.52,4.21
194,Marystown,CA,1570400137,47.17,-55.16,8,77,47.51,15.77
195,Half Moon Bay,US,1570400138,37.46,-122.43,40,24,86.0,3.36
196,Ust-Tsilma,RU,1570400140,65.44,52.15,100,97,28.68,2.51
197,Mogadishu,SO,1570399845,2.04,45.34,21,82,78.05,12.06
198,Mehamn,NO,1570400143,71.03,27.85,75,75,42.8,9.17
199,Ipoti,NG,1570400144,7.87,5.08,79,96,71.68,3.74
200,Talnakh,RU,1570400145,69.49,88.39,75,92,32.0,17.9
201,Xuzhou,CN,1570400147,34.27,117.18,100,90,51.11,5.75
202,Nikel,NO,1570400148,69.41,30.21,75,86,39.2,12.75
203,Chokurdakh,RU,1570400150,70.62,147.9,100,83,19.61,5.12
204,Lipari,IT,1570400055,38.47,14.95,40,77,70.0,12.17
205,Sao Filipe,CV,1570400153,14.9,-24.5,93,86,78.27,13.82
206,Dikson,RU,1570400154,73.51,80.55,100,73,24.68,28.36
207,Seymchan,RU,1570400155,62.93,152.39,14,75,10.7,2.93
208,San Cristobal,HN,1570400157,14.68,-86.92,65,57,83.17,1.54
209,Hobyo,SO,1570400158,5.35,48.53,100,69,80.56,17.45
210,Lindi,TZ,1570400160,-10.0,39.71,20,94,71.6,6.93
211,Sorong,ID,1570400161,-0.86,131.25,99,96,74.87,6.15
212,Cairns,AU,1570399888,-16.92,145.77,40,64,73.4,16.11
213,San Carlos de Bariloche,AR,1570400164,-41.13,-71.31,75,70,44.6,23.04
214,Dingle,PH,1570400165,11.0,122.67,49,92,74.47,7.11
215,At-Bashi,KG,1570400167,41.17,75.81,0,58,41.95,6.73
216,Lata,IN,1570400168,30.78,78.62,100,75,34.8,2.68
217,Tura,RU,1570400169,64.27,100.22,100,70,28.95,3.6
218,Basey,PH,1570400170,11.28,125.07,0,96,72.49,0.74
219,Hirara,JP,1570400172,24.8,125.28,20,88,75.2,4.7
220,Tuatapere,NZ,1570399930,-46.13,167.69,100,82,51.01,4.0
221,Koslan,RU,1570400175,63.46,48.9,100,95,31.6,2.82
222,Qaqortoq,GL,1570400176,60.72,-46.03,0,59,41.0,1.12
223,Sasykoli,RU,1570400177,47.55,47.0,100,46,60.7,7.05
224,Issenye,CM,1570400179,12.51,14.37,33,76,79.44,6.58
225,West Bay,CA,1570400180,49.34,-123.21,75,76,60.01,6.93
226,Los Llanos de Aridane,ES,1570400181,28.66,-17.92,75,69,73.4,16.11
227,Vanimo,PG,1570400183,-2.67,141.3,42,79,80.5,6.6
228,Zhigansk,RU,1570400184,66.77,123.37,100,97,27.13,6.26
229,Yarmouth,CA,1570400185,43.84,-66.12,75,71,55.4,11.41
230,Imbituba,BR,1570400187,-28.24,-48.67,75,82,64.4,11.41
231,Nador,MA,1570400188,35.17,-2.93,0,59,66.2,4.7
232,Oriental,MX,1570400190,19.38,-97.62,14,55,66.05,10.33
233,Chesma,RU,1570400191,53.81,60.65,44,51,46.25,3.8
234,Bintulu,MY,1570400192,3.17,113.03,90,100,73.4,5.82
235,Feijo,EC,1570400194,-3.63,-79.92,40,74,89.6,5.82
236,Lamont,CA,1570400195,53.76,-112.78,0,35,63.0,7.0
237,Saint George,GR,1570400011,39.45,22.34,75,82,60.8,5.12
238,Ilulissat,GL,1570400198,69.22,-51.1,100,80,35.6,10.29
239,Wanning,AT,1570400200,48.64,13.53,75,87,48.0,9.17
240,Zvishavane,ZW,1570400201,-20.32,30.05,0,32,66.8,5.21
241,Lagoa,PT,1570400202,37.14,-8.45,0,64,71.01,6.93
242,Hailin,CN,1570400204,44.57,129.38,0,74,33.43,0.76
243,Matagami,NG,1570400205,9.67,8.4,100,91,70.06,3.62
244,Poum,MK,1570400207,41.28,20.71,35,85,44.03,4.14
245,Palmer,AU,1570400208,-34.85,139.16,75,71,57.99,9.17
246,Mount Gambier,AU,1570400210,-37.83,140.78,40,100,44.6,8.05
247,Nizhniy Baskunchak,RU,1570400211,48.22,46.83,100,41,60.72,9.75
248,Nipawin,CA,1570400019,53.36,-104.02,20,37,55.4,19.46
249,Komsomolskiy,RU,1570400214,67.55,63.78,99,87,32.75,20.56
250,Teahupoo,PF,1570400215,-17.83,-149.27,75,74,80.6,9.17
251,Pisco,PE,1570400216,-13.71,-76.2,0,30,71.6,18.34
252,Hamilton,CA,1570400074,43.26,-79.87,75,72,69.8,13.87
253,Carballo,ES,1570400219,43.21,-8.69,0,100,61.0,4.7
254,Faanui,PF,1570400220,-16.48,-151.75,100,84,77.44,17.94
255,Rio Gallegos,AR,1570400222,-51.62,-69.22,75,39,48.2,21.92
256,Acapulco,MX,1570400223,16.86,-99.88,40,74,86.0,8.05
257,Katherine,AU,1570400225,-14.47,132.26,0,53,71.6,3.89
258,Laguna,BZ,1570400226,16.17,-88.94,40,59,89.6,4.7
259,Bikin,RU,1570400228,46.82,134.25,0,76,38.22,9.28
260,Brae,GB,1570400229,60.4,-1.35,44,81,51.8,20.8
261,Gejiu,CN,1570400230,23.36,103.16,1,94,55.37,1.59
262,Batagay-Alyta,RU,1570400232,67.8,130.41,92,95,8.3,0.31
263,Pavilosta,LV,1570400233,56.89,21.19,100,71,41.0,13.33
264,Klaipeda,LT,1570400234,55.72,21.12,0,100,33.8,2.24
265,Hualmay,PE,1570400236,-11.1,-77.61,0,89,61.24,16.15
266,Monywa,MM,1570400237,22.12,95.13,0,80,77.96,2.64
267,Floro,NO,1570400239,61.6,5.03,0,81,44.6,8.05
268,Rawson,AR,1570400240,-43.3,-65.11,67,25,66.8,39.06
269,Atherton,AU,1570400241,-17.27,145.48,40,64,73.4,16.11
270,Luanda,AO,1570400243,-8.83,13.24,75,73,77.0,13.87
271,Fenoarivo,MG,1570400244,-18.93,47.44,40,87,57.2,2.24
272,Jasper,US,1570400246,33.83,-87.28,1,48,88.0,3.67
273,Alihe,CN,1570400247,50.57,123.73,90,78,37.81,4.43
274,Mayumba,GA,1570400248,-3.44,10.65,94,89,77.19,11.63
275,Paramonga,PE,1570400251,-10.68,-77.82,67,93,59.51,12.73
276,Caravelas,BR,1570400252,-17.73,-39.27,0,80,75.61,11.95
277,Lazaro Cardenas,MX,1570400254,28.39,-105.62,75,48,82.4,4.92
278,Linxia,CN,1570400255,35.6,103.21,100,92,37.63,2.39
279,Labuhan,ID,1570400256,-2.54,115.51,99,93,71.16,1.5
280,Katsuura,JP,1570400258,33.93,134.5,20,88,62.6,6.93
281,Kargasok,RU,1570400259,59.06,80.87,29,95,47.17,5.86
282,Maniitsoq,GL,1570399983,65.42,-52.9,0,72,35.95,10.56
283,Kahului,US,1570400234,20.89,-156.47,40,55,87.8,13.87
284,Sindor,RU,1570400263,62.87,51.9,100,83,33.2,3.13
285,Hami,CN,1570400265,42.84,93.51,0,19,54.15,3.0
286,Paamiut,GL,1570400266,61.99,-49.67,0,74,39.03,38.72
287,Rogozno,PL,1570400267,52.75,16.99,20,81,37.99,3.36
288,Humaita,AR,1570400269,-24.93,-65.37,20,37,69.8,13.87
289,Pyaozerskiy,RU,1570400270,65.83,31.17,100,95,38.09,4.85
290,Ygatimi,PY,1570400271,-24.08,-55.5,100,92,69.14,2.91
291,Waipawa,NZ,1570400046,-39.94,176.59,0,65,60.01,5.01
292,Barberton,SZ,1570400274,-25.78,31.05,0,68,68.0,4.7
293,Coahuayana,MX,1570400275,18.62,-100.35,43,73,81.74,3.47
294,Wichita Falls,US,1570400277,33.91,-98.49,1,51,87.01,18.34
295,Luganville,VU,1570400035,-15.51,167.18,75,88,78.8,6.93
296,Lexington Park,US,1570400280,38.26,-76.45,90,60,73.99,8.05
297,Anadyr,RU,1570400281,64.73,177.51,0,80,30.2,11.18
298,Pitimbu,BR,1570400282,-7.47,-34.81,20,78,77.0,5.82
299,Maumere,ID,1570400284,-8.63,122.22,0,64,73.03,3.36
300,Sept-Iles,CA,1570400285,50.2,-66.38,75,75,44.6,8.05
301,Ucluelet,CA,1570400287,48.94,-125.55,90,87,55.99,4.7
302,Ola,RU,1570400288,59.58,151.3,100,61,27.87,6.85
303,Minggang,CN,1570400289,32.45,114.03,94,90,53.03,6.26
304,Tokmak,UA,1570400291,47.26,35.7,10,79,44.97,4.85
305,Alofi,NU,1570400292,-19.06,-169.92,100,57,78.8,17.22
306,Puerto Madero,AR,1570400293,-34.61,-58.36,0,42,66.2,12.75
307,Vao,EE,1570400295,59.1,26.19,100,81,38.13,3.02
308,Sarangani,PH,1570400297,5.4,125.46,33,71,82.99,8.55
309,Andros,GR,1570400298,37.83,24.93,14,68,71.01,6.93
310,Boa Vista,BR,1570400299,2.82,-60.67,20,52,89.6,5.82
311,Cockburn Town,TC,1570400301,21.46,-71.14,40,83,84.2,5.82
312,Coos Bay,US,1570400302,43.37,-124.22,1,68,69.01,18.34
313,Leninskoye,RU,1570400304,54.82,82.85,0,87,44.6,2.24
314,Nikolayevsk-na-amure,RU,1570400305,53.14,140.72,100,95,34.21,2.86
315,Tuktoyaktuk,CA,1570400306,69.44,-133.03,90,80,35.6,18.34
316,Utete,TZ,1570400308,-7.99,38.76,0,81,75.03,2.93
317,Riviere-au-Renard,CA,1570400309,49.0,-64.4,90,46,53.6,4.7
318,Ngorongoro,TZ,1570400310,-3.24,35.49,0,67,66.82,16.96
319,Pokhara,NP,1570400312,28.21,83.99,7,70,49.52,4.68
320,Iracoubo,GF,1570400313,5.48,-53.21,55,78,80.41,6.93
321,Hit,IQ,1570400315,33.64,42.83,0,24,76.7,6.71
322,Beringovskiy,RU,1570400316,63.05,179.32,100,74,32.03,12.75
323,Vestmannaeyjar,IS,1570400317,63.44,-20.27,97,90,49.25,21.45
324,Kuandian,CN,1570400318,40.73,124.78,100,90,44.43,1.72
325,Gonen,IL,1570400320,33.12,35.65,0,79,71.01,3.31
326,Lalmohan,BD,1570400321,22.34,90.74,100,84,77.3,3.6
327,Moerai,PF,1570400323,-22.43,-151.33,93,60,67.9,14.09
328,Banda Aceh,ID,1570400325,5.56,95.32,100,76,80.93,4.25
329,Sinnamary,GF,1570400326,5.38,-52.96,0,80,81.76,13.51
330,Agua Prieta,MX,1570400327,31.32,-109.55,1,23,86.0,6.93
331,Lamar,US,1570400329,38.09,-102.62,1,29,66.2,8.05
332,Tautira,PF,1570400330,-17.73,-149.15,75,74,80.6,9.17
333,Ostrovnoy,RU,1570400096,68.05,39.51,84,94,30.23,11.88
334,Lebedinyy,RU,1570400333,58.52,125.52,100,97,26.05,7.63
335,Musoma,TZ,1570400334,-1.5,33.81,75,83,71.6,4.59
336,Chistoye,RU,1570400336,56.54,43.0,75,100,48.2,4.47
337,Pearl Lagoon,NI,1570400337,12.34,-83.67,40,84,86.0,4.7
338,Casambalangan,PH,1570400338,18.38,122.13,89,77,82.0,9.8
339,Mundra,IN,1570400340,22.84,69.73,0,77,79.21,6.06
340,Kirensk,RU,1570400341,57.78,108.12,79,91,27.58,8.08
341,Zaraza,VE,1570400342,9.35,-65.33,99,87,81.96,4.12
342,Yar-Sale,RU,1570400344,66.83,70.83,0,76,33.43,21.81
343,Nampula,MZ,1570400345,-15.12,39.26,0,88,71.6,2.24
344,Adrar,DZ,1570400346,27.87,-0.29,0,15,84.2,14.99
345,Chaiya,IN,1570400348,29.28,74.48,100,49,77.12,7.7
346,Port Augusta,AU,1570400349,-32.49,137.76,94,77,59.0,8.05
347,Vila Velha,BR,1570400351,-3.71,-38.6,0,69,80.6,10.29
348,Borovoy,RU,1570400352,63.23,52.89,100,87,32.03,1.77
349,Joyabaj,GT,1570400354,14.99,-90.8,75,69,75.2,9.17
350,Verkhoyansk,RU,1570400355,67.55,133.39,100,61,17.47,2.28
351,Biak,ID,1570400357,-0.91,122.88,98,97,62.84,4.12
352,Hoi An,VN,1570400117,15.88,108.33,20,94,73.4,2.24
353,Zeerust,ZA,1570400359,-25.54,26.07,0,27,69.8,8.05
354,Police,PL,1570400361,53.55,14.57,0,93,39.2,8.05
355,Grand Gaube,MU,1570400362,-20.01,57.66,20,78,73.99,12.75
356,Huarmey,PE,1570400363,-10.07,-78.15,9,91,61.19,15.01
357,Banepa,NP,1570400365,27.63,85.52,20,93,64.4,3.13
358,Cidreira,BR,1570400366,-30.17,-50.22,100,80,61.85,7.76
359,Porto Novo,BR,1570400368,-23.68,-45.44,75,73,69.8,6.93
360,Qasigiannguit,GL,1570400369,68.82,-51.19,100,80,35.6,10.29
361,Basco,US,1570400371,40.33,-91.2,40,82,63.0,4.7
362,Massakory,TD,1570400372,13.0,15.73,0,67,80.52,1.19
363,Fairbanks,US,1570400254,64.84,-147.72,90,89,34.0,6.93
364,Port Lincoln,AU,1570400375,-34.72,135.86,100,78,56.96,14.45
365,Suarez,CO,1570400376,4.05,-74.83,75,65,82.4,5.82
366,Mangan,IN,1570400378,27.5,88.54,10,78,52.76,4.5
367,Moussoro,TD,1570400379,13.64,16.49,3,59,82.3,4.88
368,Taber,CA,1570400380,49.79,-112.14,20,48,57.2,29.97
369,Souillac,FR,1570400382,45.6,-0.6,0,93,57.0,6.93
370,Bonga,ET,1570400383,7.26,36.25,10,98,54.15,1.52
371,San Fernando,TT,1570400385,10.28,-61.46,20,74,84.2,5.82
372,Thinadhoo,MV,1570400386,0.53,72.93,89,80,81.4,10.96
373,Taoudenni,ML,1570400387,22.68,-3.98,0,8,87.34,8.28
374,Grand Forks,US,1570400345,47.91,-97.06,40,41,60.8,16.11
375,Safford,US,1570400390,32.83,-109.71,1,10,91.4,11.41
376,Taltal,CL,1570400392,-25.41,-70.49,0,59,60.76,4.38
377,Bilibino,RU,1570400393,68.06,166.44,33,78,6.7,3.31
378,Zhuhai,CN,1570400394,40.71,112.04,0,48,32.0,2.24
379,Xining,CN,1570400396,36.62,101.77,100,94,36.08,1.83
380,Shizunai,JP,1570400397,42.33,142.37,100,75,55.75,14.18
381,Springbok,ZA,1570400398,-29.67,17.88,8,86,52.6,3.18
382,Padang,ID,1570400400,-0.92,100.36,94,85,77.93,15.84
383,Kenai,US,1570400401,60.55,-151.26,1,39,48.2,12.75
384,Leh,IN,1570400403,34.16,77.58,100,40,32.3,2.3
385,Nome,US,1570400404,30.04,-94.42,1,46,91.4,6.93
386,Znamenskoye,RU,1570400406,57.13,73.82,83,80,46.0,3.62
387,Kuryk,KZ,1570400407,43.18,51.68,0,12,66.21,16.46
388,Port Hedland,AU,1570400408,-20.31,118.58,0,94,68.0,6.93
389,Surgana,IN,1570400410,20.56,73.64,2,86,72.49,0.65
390,Kirakira,SB,1570400411,-10.46,161.92,45,83,80.45,13.13
391,San Vicente,EC,1570400413,-0.59,-80.41,0,78,77.0,12.75
392,Dharangaon,IN,1570400414,21.01,75.27,98,81,76.43,3.78
393,Tara,JP,1570400416,33.0,130.15,40,93,69.01,4.7
394,Barcelos,BR,1570400281,-0.97,-62.93,21,47,91.91,3.67
395,Udomlya,RU,1570400418,57.88,35.0,100,88,31.51,6.08
396,Mareeba,AU,1570400420,-16.99,145.42,40,64,75.2,16.11
397,Guerrero Negro,MX,1570400421,27.97,-114.04,0,75,71.05,10.85
398,Mari,BR,1570400423,-7.06,-35.32,20,78,77.0,5.82
399,Cravo Norte,CO,1570400424,6.3,-70.2,57,59,88.87,6.49
400,Hervey Bay,AU,1570400279,-25.3,152.85,0,83,77.0,10.29
401,Buta,CD,1570400427,2.79,24.73,100,97,70.42,3.18
402,Dwarka,IN,1570400428,28.58,77.04,75,83,86.0,5.82
403,Tocopilla,CL,1570400430,-22.09,-70.2,43,87,58.4,14.99
404,Belomorsk,RU,1570400431,64.52,34.76,4,93,27.71,3.51
405,Pringsewu,ID,1570400433,-5.36,104.98,100,93,70.17,1.36
406,Shingu,JP,1570400434,33.72,135.99,0,87,55.84,5.14
407,Sistranda,NO,1570400435,63.73,8.83,75,86,39.2,4.7
408,Dortyol,TR,1570400437,36.86,36.23,40,88,75.0,8.05
409,Bahia Honda,CU,1570400438,22.9,-83.16,70,81,82.18,22.03
410,Moose Factory,CA,1570400439,51.26,-80.61,75,66,53.6,25.28
411,Boende,CD,1570400441,-0.28,20.88,100,97,70.98,2.62
412,Canutama,BR,1570400442,-6.53,-64.38,87,51,87.74,3.42
413,Savannah Bight,HN,1570400443,16.45,-85.85,100,71,84.68,5.73
414,Silver City,US,1570400445,32.77,-108.28,1,15,82.99,11.41
415,Kapit,MY,1570400446,2.02,112.94,100,99,70.98,1.88
416,Bella Union,CO,1570400447,8.5,-73.35,79,90,74.31,3.33
417,Karratha,AU,1570400449,-20.74,116.85,0,15,82.41,18.75
418,Villa Guerrero,MX,1570400450,21.98,-103.59,57,45,79.94,1.83
419,Virginia Beach,US,1570400410,36.85,-75.98,40,60,78.01,9.17
420,Hopkinsville,US,1570400453,36.87,-87.49,40,100,75.99,4.7
421,Starup,DK,1570400454,55.24,9.54,20,93,46.4,5.82
422,Jijiga,ET,1570400456,9.35,42.8,17,88,57.73,2.84
423,Bol,TD,1570400457,13.47,14.72,18,70,80.3,4.0
424,Miranda,BR,1570400458,-20.24,-56.38,100,67,72.11,7.38
425,Vila Franca do Campo,PT,1570400460,37.72,-25.43,75,94,73.4,12.75
426,Constantine,DZ,1570400461,36.36,6.61,0,76,57.2,2.24
427,Rocha,UY,1570400463,-34.48,-54.34,0,80,56.13,6.82
428,Gazanjyk,TM,1570400464,39.24,55.52,0,21,66.12,13.47
429,Gizo,IL,1570400465,31.8,34.94,20,64,75.2,3.36
430,Namatanai,PG,1570400467,-3.66,152.44,95,86,79.12,11.23
431,Saldanha,PT,1570400468,41.42,-6.55,88,48,62.68,4.16
432,Lamu,CN,1570400469,35.77,102.37,78,92,37.1,1.34
433,Mujiayingzi,CN,1570400471,42.12,118.78,0,56,38.63,7.61
434,Narsaq,GL,1570400472,60.91,-46.05,0,59,41.0,1.12
435,San Francisco,CO,1570400473,1.17,-76.88,75,82,66.2,4.7
436,Araouane,ML,1570400475,18.9,-3.53,0,11,92.22,3.6
437,Anloga,GH,1570400476,5.79,0.9,40,88,78.8,8.05
438,Freeport,BS,1570400478,26.54,-78.7,75,83,80.6,8.05
439,San Andres,PH,1570400479,13.32,122.68,0,89,75.97,8.23
440,Kerchevskiy,RU,1570400480,59.95,56.29,100,91,40.88,5.97
441,North Bend,US,1570400482,43.41,-124.22,1,68,69.01,18.34
442,Kabalo,CD,1570400483,-6.05,26.92,5,70,73.19,4.12
443,Isangel,VU,1570400484,-19.55,169.27,40,78,77.0,3.36
444,High Level,CA,1570400486,58.52,-117.13,75,50,53.6,9.17
445,Klaksvik,FO,1570400487,62.23,-6.59,100,81,51.8,31.09
446,Dumbea,NC,1570400489,-22.15,166.45,0,50,77.0,3.36
447,Sitka,US,1570400490,37.17,-99.65,98,44,66.99,17.0
448,Micomeseng,GQ,1570400491,2.15,10.62,89,99,69.0,1.88
449,Tolaga Bay,NZ,1570400493,-38.37,178.3,2,55,55.43,3.51
450,Fez,MA,1570400494,34.03,-5.02,0,49,68.0,9.17
451,Lucapa,AO,1570400496,-8.42,20.74,93,74,71.54,3.47
452,Veinticinco de Mayo,AR,1570400497,-27.38,-54.75,98,86,66.0,4.41
453,Pangody,RU,1570400498,65.85,74.49,0,80,32.42,21.3
454,Awjilah,LY,1570400500,29.14,21.3,0,63,69.9,8.63
455,Saurimo,AO,1570400501,-9.66,20.4,70,77,69.16,2.89
456,Grants,US,1570400503,35.15,-107.85,1,10,71.6,14.99
457,Tilichiki,RU,1570400504,60.47,166.1,100,91,37.88,39.53
458,Cherepovets,RU,1570400505,59.13,37.92,75,83,33.8,11.18
459,Vila,IT,1570400507,45.18,8.4,75,100,61.0,6.93
460,Hambantota,LK,1570400508,6.12,81.12,40,100,73.4,3.36
461,Cueto,CU,1570400509,20.65,-75.94,75,69,82.4,8.05
462,Nouadhibou,MR,1570400511,20.93,-17.03,0,83,69.8,9.17
463,The Pas,CA,1570400512,53.82,-101.24,20,61,48.2,18.34
464,Grindavik,IS,1570400514,63.84,-22.43,75,87,50.0,10.29
465,Lima,PE,1570400230,-12.06,-77.04,90,82,62.6,5.82
466,Yarada,IN,1570400516,17.65,83.27,90,100,75.2,2.24
467,Makhachkala,RU,1570400433,42.98,47.5,100,88,64.4,8.95
468,Erzin,TR,1570400519,36.95,36.2,40,88,75.0,8.05
469,Nyurba,RU,1570400520,63.29,118.35,100,98,32.44,6.08
470,El Alto,BO,1570400489,-16.5,-68.19,40,61,48.2,12.75
471,Codrington,AU,1570400523,-28.95,153.24,1,73,75.99,5.82
472,Corinto,CO,1570400525,3.17,-76.26,75,73,77.0,14.99
473,Rzhaksa,RU,1570400526,52.14,42.03,100,83,41.75,11.45
474,Chara,GR,1570400527,39.42,22.43,75,82,60.8,5.12
475,Sabang,PH,1570400529,13.8,121.11,5,91,78.01,1.99
476,Xinpu,CN,1570400530,27.63,119.93,79,95,62.39,0.76
477,Port Blair,IN,1570400532,11.67,92.75,15,73,82.21,6.02
478,Priargunsk,RU,1570400533,50.37,119.09,100,71,36.01,5.46
479,Manzanillo,MX,1570400293,19.05,-104.32,40,75,89.6,9.17
480,Zyryanka,RU,1570400535,65.73,150.89,0,90,15.43,0.72
481,Tricase,IT,1570400537,39.93,18.36,40,93,63.0,3.36
482,Berlevag,NO,1570400538,70.86,29.09,75,75,42.8,9.17
483,Khed Brahma,IN,1570400540,24.03,73.05,0,75,76.45,2.62
484,Sibolga,ID,1570400541,1.74,98.78,100,77,80.72,10.83
485,Midrand,ZA,1570400543,-26.0,28.13,2,36,71.01,1.63
486,Toamasina,MG,1570400544,-18.17,49.38,75,88,75.2,2.24
487,Warmbad,DE,1570400545,50.67,13.08,100,81,44.6,5.82
488,Waingapu,ID,1570400547,-9.65,120.26,11,91,68.8,5.86
489,Port Keats,AU,1570400548,-14.25,129.55,4,88,75.79,4.29
490,Nyagan,RU,1570400550,62.14,65.43,81,76,36.04,3.85
491,Kumbo,CM,1570400551,6.21,10.69,100,93,63.82,3.91
492,Datong,CN,1570400552,40.09,113.3,0,58,44.45,6.06
493,Lakes Entrance,AU,1570400554,-37.88,147.99,68,75,57.99,6.4
494,Ust-Kuyga,RU,1570400555,70.0,135.55,0,78,9.11,1.16
495,Manama,AE,1570400556,25.33,56.02,20,52,87.8,13.87
496,Port Moresby,PG,1570400558,-9.47,147.16,75,88,78.8,3.36
497,Mount Isa,AU,1570400559,-20.73,139.49,58,20,73.4,11.97
498,Kondinskoye,RU,1570400560,59.65,67.41,100,73,47.44,4.43
499,Moranbah,AU,1570400562,-22.0,148.04,5,55,66.23,9.78
500,Maningrida,AU,1570400563,-12.05,134.23,16,96,66.32,3.98
501,Soyo,AO,1570400565,-6.13,12.37,100,83,78.32,14.92
502,Belaya Gora,RU,1570400566,68.54,146.19,100,82,18.92,4.18
503,Antequera,ES,1570400567,37.02,-4.56,0,93,70.0,5.82
504,Lerwick,GB,1570400333,60.15,-1.15,75,81,51.8,21.92
505,Dergachi,RU,1570400570,51.24,48.77,100,28,58.58,15.3
506,Biao,PH,1570400571,7.16,125.52,20,100,75.2,2.24
507,Ewo,CG,1570400573,-0.88,14.81,33,80,74.83,6.58
508,Puerto Escondido,MX,1570400574,15.86,-97.07,75,70,84.2,5.82
509,Mount Pleasant,US,1570400399,33.16,-94.97,1,34,95.0,10.29
510,Tabora,TZ,1570400577,-5.02,32.81,0,60,69.8,17.22
511,Bressanone,IT,1570400578,46.72,11.66,75,93,48.2,1.12
512,Natitingou,BJ,1570400579,10.31,1.38,40,94,77.0,2.24
513,Vega de Alatorre,MX,1570400581,20.03,-96.65,3,53,86.66,6.24
514,The Valley,AI,1570400582,18.22,-63.06,20,69,84.99,10.29
515,Iwaki,JP,1570400583,37.05,140.89,75,100,66.99,3.36
516,Kargil,PK,1570400585,34.56,76.13,100,86,31.85,2.01
517,Ahipara,NZ,1570400586,-35.17,173.16,8,100,66.99,8.37
518,Bambanglipuro,ID,1570400587,-7.95,110.28,93,86,75.8,5.37
519,Tual,ID,1570400589,-5.67,132.75,94,83,78.58,17.43
520,Leshukonskoye,RU,1570400590,64.9,45.76,94,95,27.37,0.22
521,Porirua,NZ,1570400591,-41.14,174.84,0,76,57.2,24.16
522,Strathmore,CA,1570400593,51.04,-113.4,1,26,64.99,21.92
523,Nelson Bay,AU,1570400594,-32.72,152.14,72,77,71.01,12.75
524,Vardo,US,1570400595,39.62,-77.74,90,82,70.0,10.29
525,Ciudad Bolivar,VE,1570400597,8.12,-63.55,26,52,91.32,6.87
526,Bilma,NE,1570400598,18.69,12.92,39,41,86.77,10.71
527,Suntar,RU,1570400599,62.16,117.65,90,96,31.87,5.55
528,Mandera,ET,1570400601,3.94,41.86,80,65,81.08,3.24
529,Namibe,AO,1570400602,-15.19,12.15,26,76,67.6,3.15
530,Belle Glade,US,1570400603,26.68,-80.67,75,66,84.99,14.99
531,Port-Gentil,GA,1570400605,-0.72,8.78,75,88,78.8,8.05
532,Dingtao,CN,1570400606,35.07,115.56,100,91,50.62,0.81
533,Havoysund,NO,1570400608,71.0,24.66,75,75,41.0,24.16
534,Duluth,US,1570400609,46.77,-92.13,75,76,57.99,5.82
535,Nivala,FI,1570400610,63.93,24.96,98,93,37.99,4.0
536,Road Town,VG,1570400612,18.42,-64.62,20,74,86.0,11.41
537,Chase,US,1570400613,38.35,-98.35,1,39,66.99,14.99
538,Mitsamiouli,KM,1570400615,-11.38,43.28,20,74,78.8,8.05
539,Ouadda,CF,1570400616,8.07,22.4,97,94,69.25,2.08
540,Zemio,CF,1570400617,5.02,25.13,100,97,68.08,5.61
541,Middlebury,US,1570400619,44.01,-73.17,90,82,63.0,11.41
542,Tabou,CI,1570400620,4.42,-7.36,35,92,75.07,4.07
543,Qostanay,KZ,1570400622,53.17,63.58,0,65,46.4,4.47
